{
  "models": {
    "Logistic Regression": {
      "train_metrics": {
        "accuracy": 0.9588550983899821,
        "precision": 0.9624853458382181,
        "recall": 0.9832335329341317,
        "f1_score": 0.9727488151658767
      },
      "test_metrics": {
        "accuracy": 0.9714285714285714,
        "precision": 0.971830985915493,
        "recall": 0.9904306220095693,
        "f1_score": 0.981042654028436
      },
      "confusion_matrix": [
        [
          65,
          6
        ],
        [
          2,
          207
        ]
      ]
    },
    "Random Forest": {
      "train_metrics": {
        "accuracy": 1.0,
        "precision": 1.0,
        "recall": 1.0,
        "f1_score": 1.0
      },
      "test_metrics": {
        "accuracy": 0.9892857142857143,
        "precision": 0.9904761904761905,
        "recall": 0.9952153110047847,
        "f1_score": 0.9928400954653938
      },
      "confusion_matrix": [
        [
          69,
          2
        ],
        [
          1,
          208
        ]
      ]
    },
    "KNN": {
      "train_metrics": {
        "accuracy": 1.0,
        "precision": 1.0,
        "recall": 1.0,
        "f1_score": 1.0
      },
      "test_metrics": {
        "accuracy": 0.9642857142857143,
        "precision": 0.9671361502347418,
        "recall": 0.9856459330143541,
        "f1_score": 0.976303317535545
      },
      "confusion_matrix": [
        [
          64,
          7
        ],
        [
          3,
          206
        ]
      ]
    }
  },
  "sensor_combinations": {},
  "best_model": "Random Forest"
}