,accuracy,precision,recall,f1_score,num_features
All sensors,0.9892857142857143,0.9904761904761905,0.9952153110047847,0.9928400954653938,23.0
Without CO2,0.9964285714285714,0.9952380952380953,1.0,0.9976133651551312,18.0
Without light,0.9857142857142858,0.9812206572769953,1.0,0.990521327014218,18.0
Without microphone,1.0,1.0,1.0,1.0,20.0
Only motion (PIR),0.7464285714285714,0.7464285714285714,1.0,0.8548057259713702,4.0
CO2 + PIR only,0.7464285714285714,0.7464285714285714,1.0,0.8548057259713702,9.0
