,accuracy,precision,recall,f1_score
Logistic Regression,0.9714285714285714,0.971830985915493,0.9904306220095693,0.981042654028436
Random Forest,0.9892857142857143,0.9904761904761905,0.9952153110047847,0.9928400954653938
KNN,0.9642857142857143,0.9671361502347418,0.9856459330143541,0.976303317535545
