{
  "models": {
    "Logistic Regression": {
      "train_metrics": {
        "accuracy": 0.9583333333333334,
        "precision": 0.9645522388059702,
        "recall": 0.9828897338403042,
        "f1_score": 0.9736346516007532
      },
      "test_metrics": {
        "accuracy": 0.9467455621301775,
        "precision": 0.9424460431654677,
        "recall": 0.9924242424242424,
        "f1_score": 0.966789667896679
      },
      "confusion_matrix": [
        [
          29,
          8
        ],
        [
          1,
          131
        ]
      ]
    },
    "Random Forest": {
      "train_metrics": {
        "accuracy": 1.0,
        "precision": 1.0,
        "recall": 1.0,
        "f1_score": 1.0
      },
      "test_metrics": {
        "accuracy": 0.9763313609467456,
        "precision": 0.9848484848484849,
        "recall": 0.9848484848484849,
        "f1_score": 0.9848484848484849
      },
      "confusion_matrix": [
        [
          35,
          2
        ],
        [
          2,
          130
        ]
      ]
    },
    "KNN": {
      "train_metrics": {
        "accuracy": 0.9672619047619048,
        "precision": 0.9790874524714829,
        "recall": 0.9790874524714829,
        "f1_score": 0.9790874524714829
      },
      "test_metrics": {
        "accuracy": 0.9467455621301775,
        "precision": 0.9694656488549618,
        "recall": 0.9621212121212122,
        "f1_score": 0.9657794676806084
      },
      "confusion_matrix": [
        [
          33,
          4
        ],
        [
          5,
          127
        ]
      ]
    }
  },
  "sensor_combinations": {
    "All sensors": {
      "sensor_configuration": "All sensors",
      "num_features": 26,
      "accuracy": 0.9763313609467456,
      "precision": 0.9848484848484849,
      "recall": 0.9848484848484849,
      "f1_score": 0.9848484848484849
    },
    "No Temperature": {
      "sensor_configuration": "No Temperature",
      "num_features": 23,
      "accuracy": 0.9763313609467456,
      "precision": 0.9848484848484849,
      "recall": 0.9848484848484849,
      "f1_score": 0.9848484848484849
    },
    "No Humidity": {
      "sensor_configuration": "No Humidity",
      "num_features": 24,
      "accuracy": 0.9526627218934911,
      "precision": 0.9558823529411765,
      "recall": 0.9848484848484849,
      "f1_score": 0.9701492537313433
    },
    "No Light": {
      "sensor_configuration": "No Light",
      "num_features": 21,
      "accuracy": 0.9644970414201184,
      "precision": 0.9701492537313433,
      "recall": 0.9848484848484849,
      "f1_score": 0.9774436090225563
    },
    "No CO2": {
      "sensor_configuration": "No CO2",
      "num_features": 21,
      "accuracy": 0.9763313609467456,
      "precision": 0.9848484848484849,
      "recall": 0.9848484848484849,
      "f1_score": 0.9848484848484849
    },
    "No PIR": {
      "sensor_configuration": "No PIR",
      "num_features": 23,
      "accuracy": 0.9704142011834319,
      "precision": 0.9774436090225563,
      "recall": 0.9848484848484849,
      "f1_score": 0.9811320754716981
    },
    "No Noise": {
      "sensor_configuration": "No Noise",
      "num_features": 20,
      "accuracy": 0.9585798816568047,
      "precision": 0.9699248120300752,
      "recall": 0.9772727272727273,
      "f1_score": 0.9735849056603774
    },
    "No Time": {
      "sensor_configuration": "No Time",
      "num_features": 24,
      "accuracy": 0.9704142011834319,
      "precision": 0.9774436090225563,
      "recall": 0.9848484848484849,
      "f1_score": 0.9811320754716981
    },
    "Only Temperature": {
      "sensor_configuration": "Only Temperature",
      "num_features": 3,
      "accuracy": 0.8816568047337278,
      "precision": 0.8733333333333333,
      "recall": 0.9924242424242424,
      "f1_score": 0.9290780141843972
    },
    "Only Humidity": {
      "sensor_configuration": "Only Humidity",
      "num_features": 2,
      "accuracy": 0.8461538461538461,
      "precision": 0.8680555555555556,
      "recall": 0.946969696969697,
      "f1_score": 0.9057971014492754
    },
    "Only Light": {
      "sensor_configuration": "Only Light",
      "num_features": 5,
      "accuracy": 0.8520710059171598,
      "precision": 0.8689655172413793,
      "recall": 0.9545454545454546,
      "f1_score": 0.9097472924187726
    },
    "Only CO2": {
      "sensor_configuration": "Only CO2",
      "num_features": 5,
      "accuracy": 0.7988165680473372,
      "precision": 0.8223684210526315,
      "recall": 0.946969696969697,
      "f1_score": 0.8802816901408451
    },
    "Only PIR": {
      "sensor_configuration": "Only PIR",
      "num_features": 3,
      "accuracy": 0.7810650887573964,
      "precision": 0.7810650887573964,
      "recall": 1.0,
      "f1_score": 0.8770764119601329
    },
    "Only Noise": {
      "sensor_configuration": "Only Noise",
      "num_features": 6,
      "accuracy": 0.893491124260355,
      "precision": 0.9191176470588235,
      "recall": 0.946969696969697,
      "f1_score": 0.9328358208955224
    },
    "Only Time": {
      "sensor_configuration": "Only Time",
      "num_features": 2,
      "accuracy": 0.7810650887573964,
      "precision": 0.7810650887573964,
      "recall": 1.0,
      "f1_score": 0.8770764119601329
    }
  },
  "best_model": "Random Forest"
}