,accuracy,precision,recall,f1_score,num_features
All sensors,0.9763313609467456,0.9848484848484849,0.9848484848484849,0.9848484848484849,26.0
Without CO2,0.9763313609467456,0.9848484848484849,0.9848484848484849,0.9848484848484849,21.0
Without light,0.9644970414201184,0.9701492537313433,0.9848484848484849,0.9774436090225563,21.0
Without microphone,0.9585798816568047,0.9699248120300752,0.9772727272727273,0.9735849056603774,20.0
Only motion (PIR),0.7810650887573964,0.7810650887573964,1.0,0.8770764119601329,3.0
CO2 + PIR only,0.7928994082840237,0.8169934640522876,0.946969696969697,0.8771929824561403,8.0
